[
  {
    "userId": "2bb546b3-45a7-48d5-a0d7-723474bc8215",
    "username": "avazbekhayitov@gmail.com",
    "password": "123123",
    "fullname": "123123123"
  },
  {
    "userId": "ffcc63e5-47e0-4606-aaaa-47e4731ec055",
    "username": "Muro_wn13",
    "password": "234",
    "fullname": "234234423"
  },
  {
    "userId": "0def0b73-63dd-46d5-958e-f0bd322f99e6",
    "username": "avazbekhayitov12@gmail.com",
    "password": "123",
    "fullname": "2124124"
  },
  {
    "userId": "a43278ae-5358-452a-9a21-15c40aac57de",
    "username": "avazbekhayitov@gmail.com2112",
    "password": "123",
    "fullname": "123"
  },
  {
    "userId": "2f8d7aa9-1dc9-4ba3-99d3-014c28698527",
    "username": "maksimumtv.uz2123",
    "password": "123",
    "fullname": "12312312"
  },
  {
    "userId": "82942e9d-135b-40d6-957b-12523a78e62e",
    "username": "maksimumtv.uz123123",
    "password": "123123",
    "fullname": "12312312312312"
  },
  {
    "userId": "c13bf7b8-cb36-4190-a2a2-48ff12289de3",
    "username": "avazbekhayito1232123v@gmail.com",
    "password": "123",
    "fullname": "123123213"
  },
  {
    "userId": "652d6ea5-0d60-4faf-90a5-a9079559adc9",
    "username": "maksimumtv.uz",
    "password": "123",
    "fullname": "12312312"
  },
  {
    "userId": "e243504e-5042-4677-9465-b9237ef79342",
    "username": "avazbekh123ayitov@gmail.com",
    "password": "123",
    "fullname": "123123"
  },
  {
    "userId": "eb3e6126-d204-494c-a46c-07662c32f2f3",
    "username": "Shamsiddinkhon123123@mail.ru",
    "password": "123",
    "fullname": "12312312"
  },
  {
    "userId": "14bed770-f508-4e17-bab2-95a6fd358960",
    "username": "avazbekhayi1231tov@gmail.com",
    "password": "123",
    "fullname": "12312312"
  }
]
